temperature_ev,initial_distribution,n_markers,thermal_time_tau_c,dt_tau_c,n_steps,initial_ks_energy,final_ks_energy,initial_mean_energy_over_target,final_mean_energy_over_target,initial_mean_xi,initial_mean_xi2,final_mean_xi,final_mean_xi2,runtime_seconds
100.0,uniform,4096,7.74310201289549e-06,3.871551006447745e-08,6000,0.5249377530993714,0.019799463252749505,2.7022141094459506,0.9805578339039002,-0.0116243465788472,0.329611101090734,0.007307868765925795,0.3357630460965041,8.81034358299803
100.0,beam,4096,7.74310201289549e-06,3.871551006447745e-08,6000,0.9665963937951029,0.008486197089104974,3.3319548609198852,0.9976860205185747,0.8993916517351159,0.8098056886250874,0.0013948350025084163,0.3304041104680461,8.81034358299803
100.0,bimodal,4096,7.74310201289549e-06,3.871551006447745e-08,6000,0.48088958217152455,0.010714953519890769,2.0713221748400503,1.000261181890904,-0.0032895856081324544,0.4923804702977074,0.010809925411672151,0.3293240446392366,8.81034358299803
1000.0,uniform,4096,0.00024485838515784207,1.2242919257892104e-06,6000,0.524267199092814,0.019561603536753736,2.696292277387662,0.9805826910804272,-0.0116243465788472,0.329611101090734,0.0073773969394148875,0.3357710783303336,8.942767375003314
1000.0,beam,4096,0.00024485838515784207,1.2242919257892104e-06,6000,0.9663226169554903,0.008880578965669572,3.3246529683558608,0.9976087309081854,0.8993916517351159,0.8098056886250874,0.0013951674484410834,0.33042628839964056,8.942767375003314
1000.0,bimodal,4096,0.00024485838515784207,1.2242919257892104e-06,6000,0.48072746440403613,0.010446720579027013,2.066782926075441,1.0001985474304007,-0.0032895856081324544,0.4923804702977074,0.010776312818155581,0.32934331952523255,8.942767375003314
10000.0,uniform,4096,0.0077431020128954885,3.871551006447744e-05,6000,0.5176813011255426,0.020695292742794358,2.6395561475492224,0.9808572325548403,-0.0116243465788472,0.329611101090734,0.007959794652404095,0.33586468165741257,9.33262349999859
10000.0,beam,4096,0.0077431020128954885,3.871551006447744e-05,6000,0.9636203412744409,0.00899787581605857,3.2546946986006446,0.9968724190139271,0.8993916517351159,0.8098056886250874,0.0013696574471387707,0.3306344940240707,9.33262349999859
10000.0,bimodal,4096,0.0077431020128954885,3.871551006447744e-05,6000,0.4791233902769013,0.009631588200234742,2.0232931065832847,0.9996391659457164,-0.0032895856081324544,0.4923804702977074,0.010408011342274672,0.32936182876060616,9.33262349999859
