integrator,E1_over_Ec,dt,n_steps,finite,pphi_max_rel_error,pphi_observed_order,mu_max_rel_error,mu_observed_order,output_interval,accepted_internal_steps,rejected_internal_steps,adaptive_converged,runtime_seconds
BS5,0.0,5.000000000000001e-07,20,True,9.48197458713347e-09,nan,2.8815454473785176e-11,nan,5.000000000000001e-07,0,0,True,0.026357591996202245
BS5,0.0,1.282051282051282e-07,78,True,9.120765678551886e-12,5.104124748360709,3.05694305038795e-14,5.032170916987295,1.282051282051282e-07,0,0,True,0.09864798400667496
BS5,0.0,3.205128205128205e-08,312,True,1.0475101011095529e-14,4.883023488050306,1.2989208565750997e-14,0.6173880728961402,3.205128205128205e-08,0,0,True,0.37381235300563276
BS5,0.0,8e-09,1250,True,9.754838029026244e-15,0.05132787840849031,3.112931018343773e-14,-0.6297526239207459,8e-09,0,0,True,1.4930865939968498
BS5,0.0,2e-09,5000,True,1.9807463730071544e-14,-0.5109271685401348,5.5204136404441736e-14,-0.4132513818272021,2e-09,0,0,True,5.917975402000593
BS5,0.0,5e-10,20000,True,8.065585589853407e-14,-1.0128675607189954,9.809091985860235e-14,-0.41467161161163085,5e-10,0,0,True,23.818938689000788
BS5,0.0,1.25e-10,80000,True,1.2265391002082765e-13,-0.3023710192677672,5.508096287493892e-13,-1.2446811400610773,1.25e-10,0,0,True,92.62718434700218
BS5,0.0,1e-10,100000,True,1.679735524022568e-13,-1.4091372539511469,2.2339199214373481e-13,4.044307810628213,1e-10,0,0,True,116.77125763100048
BS5,1.0,5.000000000000001e-07,20,True,9.48197725352282e-09,nan,2.881566007816958e-11,nan,5.000000000000001e-07,0,0,True,0.026213737000944093
BS5,1.0,1.282051282051282e-07,78,True,9.126098457248445e-12,5.10369547325747,3.0223844506931293e-14,5.040529970333379,1.282051282051282e-07,0,0,True,0.09902380799758248
BS5,1.0,3.205128205128205e-08,312,True,1.1777182498458514e-14,4.798929984677414,1.2093401078457825e-14,0.6607335738545295,3.205128205128205e-08,0,0,True,0.369973402004689
BS5,1.0,8e-09,1250,True,9.522819100995934e-15,0.15309007204079716,1.7244294130393565e-14,-0.2556542181036263,8e-09,0,0,True,1.5006335840007523
BS5,1.0,2e-09,5000,True,1.0706529544053195e-14,-0.08451514149884445,4.535025404421684e-14,-0.6974957785385429,2e-09,0,0,True,5.808210433999193
BS5,1.0,5e-10,20000,True,6.697529037002166e-14,-1.3225690078752774,5.744365512267467e-14,-0.1705184589175336,5e-10,0,0,True,23.48198221900384
BS5,1.0,1.25e-10,80000,True,9.177347832494803e-14,-0.22722417883508664,2.3022252423434523e-13,-1.0014047667934118,1.25e-10,0,0,True,92.53855762499734
BS5,1.0,1e-10,100000,True,9.541864739197926e-14,-0.17455434270726825,2.650470403028673e-13,-0.6312572427449676,1e-10,0,0,True,117.22815719200298
BS5,10.0,5.000000000000001e-07,20,True,9.482020296665157e-09,nan,2.881360403432557e-11,nan,5.000000000000001e-07,0,0,True,0.02661611199437175
BS5,10.0,1.282051282051282e-07,78,True,9.122479785990066e-12,5.103990215347629,3.371911904174648e-14,4.9600692195934535,1.282051282051282e-07,0,0,True,0.09822185800294392
BS5,10.0,3.205128205128205e-08,312,True,1.180829568523496e-14,4.7967407430388285,6.942508026522085e-15,1.140018999633686,3.205128205128205e-08,0,0,True,0.3723482320056064
BS5,10.0,8e-09,1250,True,1.320471977099894e-14,-0.08053344360527386,4.1095168479574276e-14,-1.2812400360470968,8e-09,0,0,True,1.5113981239992427
BS5,10.0,2e-09,5000,True,4.568119272129363e-14,-0.8952733171855252,6.001910164864253e-14,-0.2732264688072798,2e-09,0,0,True,5.8229616569879
BS5,10.0,5e-10,20000,True,4.722769143321243e-14,-0.024016348210900824,1.1863372979931537e-13,-0.4915103116119367,5e-10,0,0,True,23.453136052994523
BS5,10.0,1.25e-10,80000,True,9.338472991201954e-14,-0.4917768233180158,3.1543621146310825e-13,-0.7054170173466424,1.25e-10,0,0,True,92.59053564800706
BS5,10.0,1e-10,100000,True,9.97991441784374e-14,-0.2977086586657038,1.752423397017268e-13,2.6341189850225746,1e-10,0,0,True,116.34349452098832
BS5,100.0,5.000000000000001e-07,20,True,9.482455108585307e-09,nan,2.8817510517629188e-11,nan,5.000000000000001e-07,0,0,True,0.026064108009450138
BS5,100.0,1.282051282051282e-07,78,True,9.123812980664205e-12,5.103916534578846,3.1465237991172675e-14,5.011001173463704,1.282051282051282e-07,0,0,True,0.09764116800215561
BS5,100.0,3.205128205128205e-08,312,True,1.0111722347161352e-14,4.908732154771542,2.0715548143654605e-14,0.3015224298523071,3.205128205128205e-08,0,0,True,0.36507324400008656
BS5,100.0,8e-09,1250,True,1.237198969535036e-14,-0.1453564925743079,1.9819740656361433e-14,0.031851164562550376,8e-09,0,0,True,1.5256544199946802
BS5,100.0,2e-09,5000,True,1.724940870986348e-14,-0.23973468593692107,3.695205885084335e-14,-0.4493583320814092,2e-09,0,0,True,5.78216574700491
BS5,100.0,5e-10,20000,True,6.056512948233415e-14,-0.9059702444133412,6.682142493029028e-14,-0.4273279993530822,5e-10,0,0,True,23.199471099986113
BS5,100.0,1.25e-10,80000,True,7.484935813382805e-14,-0.15275127348712553,1.959409783340512e-13,-0.7760182479970626,1.25e-10,0,0,True,91.68442532299377
BS5,100.0,1e-10,100000,True,6.72311028530313e-14,0.48104260375786606,3.624661045459998e-13,-2.7565998598959336,1e-10,0,0,True,114.7918793889985
BS5,1000.0,5.000000000000001e-07,20,True,9.486793704967722e-09,nan,2.884115502183529e-11,nan,5.000000000000001e-07,0,0,True,0.02616402501007542
BS5,1000.0,1.282051282051282e-07,78,True,9.126479370012485e-12,5.104037941770668,3.3307910272944696e-14,4.969787106033179,1.282051282051282e-07,0,0,True,0.09549626598891336
BS5,1000.0,3.205128205128205e-08,312,True,9.713275483015854e-15,4.937942419533313,1.321316043757429e-14,0.6669446292794735,3.205128205128205e-08,0,0,True,0.39449408200744074
BS5,1000.0,8e-09,1250,True,1.1998752067254878e-14,-0.1522514281322897,2.4746681836473883e-14,-0.45210753448851376,8e-09,0,0,True,1.5346872700029053
BS5,1000.0,2e-09,5000,True,1.5973961714550906e-14,-0.20641889760058885,3.3307910272944696e-14,-0.21431487426467824,2e-09,0,0,True,5.923401406995254
BS5,1000.0,5e-10,20000,True,3.782973772232129e-14,-0.621899306513,1.3963399208182322e-13,-1.033856720954441,5e-10,0,0,True,23.51602184899093
BS5,1000.0,1.25e-10,80000,True,7.161478650577804e-14,-0.46036836073767334,2.425398771846264e-13,-0.39828588888932853,1.25e-10,0,0,True,92.83694563500467
BS5,1000.0,1e-10,100000,True,8.220235461045287e-14,-0.6179088647051957,1.9898123811499587e-13,0.8871222055955459,1e-10,0,0,True,115.94204834398988
BS5,10000.0,5.000000000000001e-07,20,True,9.529477837024115e-09,nan,2.908767467873196e-11,nan,5.000000000000001e-07,0,0,True,0.02628677900065668
BS5,10000.0,1.282051282051282e-07,78,True,9.175998029337663e-12,5.103360541063456,3.0223844506931293e-14,5.04743349985981,1.282051282051282e-07,0,0,True,0.09675980999600142
BS5,10000.0,3.205128205128205e-08,312,True,1.1539259619701777e-14,4.817585305163996,7.278435834257024e-15,1.0269934184220366,3.205128205128205e-08,0,0,True,0.3920618830015883
BS5,10000.0,8e-09,1250,True,1.1877663483575812e-14,-0.020826145681286042,2.127542782321284e-14,-0.7728511924303421,8e-09,0,0,True,1.5881739860051312
BS5,10000.0,2e-09,5000,True,1.4751577977231108e-14,-0.15630911192006602,3.3704756709405604e-14,-0.3318820342143771,2e-09,0,0,True,5.763486124997144
BS5,10000.0,5e-10,20000,True,7.006828779385924e-14,-1.1239461773488049,1.436651257746425e-13,-1.0458428891649905,5e-10,0,0,True,23.155303299005027
BS5,10000.0,1.25e-10,80000,True,6.592770517849945e-14,0.04393838895973103,2.635913531360159e-13,-0.4377965749743808,1.25e-10,0,0,True,90.89785989098891
BS5,10000.0,1e-10,100000,True,8.037259321240569e-14,-0.8878341806528299,1.5699026214812842e-13,2.3223445946505676,1e-10,0,0,True,113.95761594398937
BS5,100000.0,5.000000000000001e-07,20,True,9.894885166090947e-09,nan,3.1475358394779534e-11,nan,5.000000000000001e-07,0,0,True,0.026275452997651882
BS5,100000.0,1.282051282051282e-07,78,True,9.544340672164185e-12,5.102090008577009,4.0092854958174165e-14,4.897778798831617,1.282051282051282e-07,0,0,True,0.09601829800521955
BS5,100000.0,3.205128205128205e-08,312,True,8.20833931710745e-15,5.0916697265977096,1.7580221938128504e-14,0.5946959349470735,3.205128205128205e-08,0,0,True,0.39210208698932547
BS5,100000.0,8e-09,1250,True,1.213406681659362e-14,-0.28162514292980134,3.191314173481926e-14,-0.4296024547292184,8e-09,0,0,True,1.543996808002703
BS5,100000.0,2e-09,5000,True,2.7123208178268096e-14,-0.5802323360966232,4.9493363672947766e-14,-0.31654222516966385,2e-09,0,0,True,5.855490426009055
BS5,100000.0,5e-10,20000,True,6.44771001430759e-14,-0.6246295135945649,1.1925054295251803e-13,-0.634344417829833,5e-10,0,0,True,23.232468762013013
BS5,100000.0,1.25e-10,80000,True,1.0551283563903496e-13,-0.35527987412628903,2.077153611161043e-13,-0.40030603822853406,1.25e-10,0,0,True,92.53657579500577
BS5,100000.0,1e-10,100000,True,9.85000718052894e-14,0.3082111616938577,1.5996021106389488e-13,1.170742247947263,1e-10,0,0,True,115.1262431889918
BS5,1000000.0,5.000000000000001e-07,20,True,1.5896139416321293e-08,nan,4.43352601325061e-08,nan,5.000000000000001e-07,0,0,True,0.0267433830013033
BS5,1000000.0,1.282051282051282e-07,78,True,1.0697934978058833e-11,5.366573588469754,2.6184643146801186e-11,5.462520616254141,1.282051282051282e-07,0,0,True,0.0901608239946654
BS5,1000000.0,3.205128205128205e-08,312,True,1.7844215906755326e-14,4.613830057763677,7.664860539424946e-14,4.2081228427326325,3.205128205128205e-08,0,0,True,0.39561404900450725
BS5,1000000.0,8e-09,1250,True,1.4632257043539367e-14,0.14298693118471725,1.0940048938567865e-13,-0.25634776978912105,8e-09,0,0,True,1.5410769739974057
BS5,1000000.0,2e-09,5000,True,1.694902542038346e-14,-0.10602499787962334,1.0682504285971078e-13,0.01718464798143687,2e-09,0,0,True,5.887723626990919
BS5,1000000.0,5e-10,20000,True,9.469330574518159e-14,-1.2410300597225812,5.554006421217668e-13,-1.189139474634363,5e-10,0,0,True,22.833008176006842
BS5,1000000.0,1.25e-10,80000,True,1.8093356291892276e-13,-0.4670628531159612,7.136745483491377e-13,-0.18086873885137048,1.25e-10,0,0,True,92.07195440999931
BS5,1000000.0,1e-10,100000,True,8.255923892858798e-14,3.516184179555267,1.4927512016381599e-12,-3.3070599274593073,1e-10,0,0,True,115.30700933600019
BS5,10000000.0,5.000000000000001e-07,20,True,0.01763865624530994,nan,0.0811800776036203,nan,5.000000000000001e-07,0,0,True,0.026373757995315827
BS5,10000000.0,1.282051282051282e-07,78,True,2.796948118803237e-06,6.428706846386483,1.3068099176577584e-05,6.417635221734379,1.282051282051282e-07,0,0,True,0.09912947998964228
BS5,10000000.0,3.205128205128205e-08,312,True,4.899732368607841e-10,6.239431461865278,4.7801990974690625e-09,5.708345490017799,3.205128205128205e-08,0,0,True,0.3578226779936813
BS5,10000000.0,8e-09,1250,True,8.180907545429183e-14,6.266838513903237,7.432448816366242e-12,4.659127018957922,8e-09,0,0,True,1.4552226809901185
BS5,10000000.0,2e-09,5000,True,9.328636825864598e-14,-0.09470269084232737,1.1776965747318581e-11,-0.33202917931585935,2e-09,0,0,True,5.801645116996951
BS5,10000000.0,5e-10,20000,True,3.047302112318699e-13,-0.8538971768151143,3.1478328732756306e-11,-0.7091955298139544,5e-10,0,0,True,23.436129094014177
BS5,10000000.0,1.25e-10,80000,True,3.9310197248911217e-13,-0.18368553282426475,4.718565160974464e-11,-0.2919946398697843,1.25e-10,0,0,True,92.79702878600801
BS5,10000000.0,1e-10,100000,True,4.723318274093984e-13,-0.82284570392549,4.037799214031542e-11,0.6982275158965137,1e-10,0,0,True,114.66646975500043
BS5,100000000.0,5.000000000000001e-07,20,False,nan,nan,nan,nan,5.000000000000001e-07,0,0,True,0.0265574020013446
BS5,100000000.0,1.282051282051282e-07,78,False,nan,nan,nan,nan,1.282051282051282e-07,0,0,True,0.09886647800158244
BS5,100000000.0,3.205128205128205e-08,312,True,39.753431926210766,nan,0.0018953002385860584,nan,3.205128205128205e-08,0,0,True,0.36789576600131113
BS5,100000000.0,8e-09,1250,True,39.75343241109831,-8.788395362749558e-09,1.1777303087625175e-06,5.319955764034639,8e-09,0,0,True,1.421673663004185
BS5,100000000.0,2e-09,5000,True,39.75343241118641,-1.5985899110680107e-12,1.1623415781075296e-09,4.992379699347424,2e-09,0,0,True,5.829291799993371
BS5,100000000.0,5e-10,20000,True,39.7534324111869,-8.889508548086451e-15,2.0194688205196373e-09,-0.3984708874902377,5e-10,0,0,True,23.061997576995054
BS5,100000000.0,1.25e-10,80000,True,39.75343241118719,-5.285653731294634e-15,6.438226638662703e-09,-0.8363437458533438,1.25e-10,0,0,True,91.39185453001119
BS5,100000000.0,1e-10,100000,True,39.75343241118417,3.4031570456377344e-13,5.336610649459795e-09,0.8409940274044416,1e-10,0,0,True,113.4536433989997
BS5-adaptive,0.0,5.12e-07,112,True,5.804942350981798e-09,nan,7.131431147300313e-11,nan,1e-05,112,2,True,0.025814148000790738
BS5-adaptive,0.0,1.28e-07,118,True,5.639616307656644e-09,0.020842363893044526,7.287401191351879e-11,-0.015606394527453639,1e-05,118,1,True,0.026690505997976288
BS5-adaptive,0.0,3.2e-08,125,True,5.623164685377763e-09,0.002107356146908291,7.445696210260308e-11,-0.015501168606416536,1e-05,125,1,True,0.0270455339923501
BS5-adaptive,0.0,8e-09,132,True,5.6242295270096365e-09,-0.0001365864588025009,7.370867788713266e-11,0.0072861366863521335,1e-05,132,1,True,0.02955089799070265
BS5-adaptive,0.0,2e-09,138,True,5.637715743420467e-09,-0.001727632870642026,7.086469710452975e-11,0.028383693328167266,1e-05,138,1,True,0.0280014189920621
BS5-adaptive,0.0,5e-10,146,True,5.671311868296017e-09,-0.004285877353895935,7.08934910239109e-11,-0.00029304018214883296,1e-05,146,1,True,0.028709994003293104
BS5-adaptive,0.0,1.25e-10,152,True,5.572764784372978e-09,0.012644615838916984,7.120915107178501e-11,-0.0032047393912292715,1e-05,152,1,True,0.03142120598931797
BS5-adaptive,0.0,1e-10,154,True,5.671306154604556e-09,-0.07855101372928716,7.08934910239109e-11,0.01990965959246627,1e-05,154,1,True,0.03045497900166083
BS5-adaptive,1.0,5.12e-07,112,True,5.804944255545618e-09,nan,7.131395378456362e-11,nan,1e-05,112,2,True,0.02595412399386987
BS5-adaptive,1.0,1.28e-07,118,True,5.639616688569408e-09,0.020842551840951587,7.287347538085952e-11,-0.015604701653079105,1e-05,118,1,True,0.02625076899130363
BS5-adaptive,1.0,3.2e-08,125,True,5.6231641140086175e-09,0.0021074781644369604,7.445660441416357e-11,-0.015503014190157795,1e-05,125,1,True,0.02855563600314781
BS5-adaptive,1.0,8e-09,132,True,5.624228765184108e-09,-0.00013656204528841962,7.370653175649556e-11,0.0073036746934803,1e-05,132,1,True,0.028158846995211206
BS5-adaptive,1.0,2e-09,138,True,5.637716124333231e-09,-0.0017277793181096179,7.086326635077168e-11,0.028377254094311594,1e-05,138,1,True,0.027794772991910577
BS5-adaptive,1.0,5e-10,146,True,5.671314153772601e-09,-0.004286119311082126,7.089223911437259e-11,-0.0002948658876616895,1e-05,146,1,True,0.028234047000296414
BS5-adaptive,1.0,1.25e-10,152,True,5.572767831675091e-09,0.012644512086495533,7.120915107178501e-11,-0.003217477793611868,1e-05,152,1,True,0.028403881995473057
BS5-adaptive,1.0,1e-10,154,True,5.671307297342848e-09,-0.07854946617993529,7.089295449125162e-11,0.01994357578585741,1e-05,154,1,True,0.029239377996418625
BS5-adaptive,10.0,5.12e-07,112,True,5.804960253881708e-09,nan,7.130912499063013e-11,nan,1e-05,112,2,True,0.02601228200364858
BS5-adaptive,10.0,1.28e-07,118,True,5.63962164043534e-09,0.020843906481783955,7.287115040600265e-11,-0.015630532591723787,1e-05,118,1,True,0.02605808099906426
BS5-adaptive,10.0,3.2e-08,125,True,5.623166970854348e-09,0.002107745063257295,7.445284868554863e-11,-0.015489641602926228,1e-05,125,1,True,0.02594023200799711
BS5-adaptive,10.0,8e-09,132,True,5.624231241117075e-09,-0.00013651312115458926,7.368882617873945e-11,0.0074405885827000355,1e-05,132,1,True,0.026841558996238746
BS5-adaptive,10.0,2e-09,138,True,5.6377178384406696e-09,-0.0017276810826308035,7.085647027042084e-11,0.028273136714856775,1e-05,138,1,True,0.027178893011296168
BS5-adaptive,10.0,5e-10,146,True,5.671313391947073e-09,-0.0042858030921874785,7.088705263199958e-11,-0.00031127363825526183,1e-05,146,1,True,0.02784790900477674
BS5-adaptive,10.0,1.25e-10,152,True,5.5727823063601245e-09,0.01264254156539235,7.120557418738984e-11,-0.003234018881735448,1e-05,152,1,True,0.02748951900866814
BS5-adaptive,10.0,1e-10,154,True,5.671306725973702e-09,-0.07853737468104022,7.088758916465887e-11,0.0200576413846673,1e-05,154,1,True,0.028745196003001183
BS5-adaptive,100.0,5.12e-07,112,True,5.80513014097447e-09,nan,7.127121001604128e-11,nan,1e-05,112,2,True,0.025907353992806748
BS5-adaptive,100.0,1.28e-07,118,True,5.639645637939475e-09,0.020861947576716614,7.283824306956706e-11,-0.01568835269509948,1e-05,118,1,True,0.02484820000245236
BS5-adaptive,100.0,3.2e-08,125,True,5.6231747795660105e-09,0.0021098127958647413,7.441940481645375e-11,-0.015491364387081754,1e-05,125,1,True,0.0373203550116159
BS5-adaptive,100.0,8e-09,132,True,5.624231050660693e-09,-0.0001354869822974949,7.35040800997287e-11,0.008927259149012491,1e-05,132,1,True,0.028172314006951638
BS5-adaptive,100.0,2e-09,138,True,5.637719552548107e-09,-0.0017279248304885035,7.07886883111323e-11,0.02715274546037535,1e-05,138,1,True,0.028938478004420176
BS5-adaptive,100.0,5e-10,146,True,5.671313391947073e-09,-0.004285583771711069,7.083572434092883e-11,-0.0004791451428099961,1e-05,146,1,True,0.0285291350010084
BS5-adaptive,100.0,1.25e-10,152,True,5.572894866081898e-09,0.012627971849268449,7.116461886106509e-11,-0.0033415084144505646,1e-05,152,1,True,0.028365275997202843
BS5-adaptive,100.0,1e-10,154,True,5.6713050118662645e-09,-0.07844550486319211,7.083626087358812e-11,0.020725402777673606,1e-05,154,1,True,0.02914817800046876
BS5-adaptive,1000.0,5.12e-07,112,True,5.80685377123175e-09,nan,7.090958700368918e-11,nan,1e-05,112,2,True,0.02595371899951715
BS5-adaptive,1000.0,1.28e-07,118,True,5.639911705505157e-09,0.02104206371363258,7.25206157352756e-11,-0.016205240367508367,1e-05,118,1,True,0.025848955992842093
BS5-adaptive,1000.0,3.2e-08,125,True,5.623248676642234e-09,0.0021343642307927978,7.408621803504329e-11,-0.015407007172405358,1e-05,125,1,True,0.025499457988189533
BS5-adaptive,1000.0,8e-09,132,True,5.624266094634984e-09,-0.0001305020643674408,7.186711895627729e-11,0.021936668448529522,1e-05,132,1,True,0.026533562995609827
BS5-adaptive,1000.0,2e-09,138,True,5.637758024737276e-09,-0.0017283527149541972,7.017721992377729e-11,0.017164527686069325,1e-05,138,1,True,0.02797600399935618
BS5-adaptive,1000.0,5e-10,146,True,5.671301964564152e-09,-0.004279207786171088,7.036160831434851e-11,-0.0018928318433220578,1e-05,146,1,True,0.029027245996985584
BS5-adaptive,1000.0,1.25e-10,152,True,5.574060268683478e-09,0.012475686101222185,7.078689986893471e-11,-0.00434696676162602,1e-05,152,1,True,0.028048507010680623
BS5-adaptive,1000.0,1e-10,154,True,5.671295489047163e-09,-0.07750092434407548,7.036232369122755e-11,0.026960261132170715,1e-05,154,1,True,0.028801121006836183
BS5-adaptive,10000.0,5.12e-07,111,True,5.824650586936837e-09,nan,6.735988692991842e-11,nan,1e-05,111,2,True,0.025649653005530126
BS5-adaptive,10000.0,1.28e-07,118,True,5.642620566626626e-09,0.022903083498398348,6.25174132237028e-11,0.05381581568430019,1e-05,118,1,True,0.02623658999800682
BS5-adaptive,10000.0,3.2e-08,126,True,5.623969934960943e-09,0.002388229019942677,6.221131953150484e-11,0.0035404892564794414,1e-05,126,1,True,0.025445317005505785
BS5-adaptive,10000.0,8e-09,132,True,5.624491214078532e-09,-6.685774955685346e-05,6.403105946754966e-11,-0.020797387194244496,1e-05,132,1,True,0.027768769999966025
BS5-adaptive,10000.0,2e-09,139,True,5.638017235873205e-09,-0.0017326454434913624,6.70143598973446e-11,-0.03284919473910089,1e-05,139,1,True,0.028766155010089278
BS5-adaptive,10000.0,5e-10,146,True,5.671084463375885e-09,-0.004218377582671867,6.741604401492265e-11,-0.004310850761974711,1e-05,146,1,True,0.028052432986442
BS5-adaptive,10000.0,1.25e-10,152,True,5.586101111611159e-09,0.010891478029735757,6.79203847146422e-11,-0.00537632920749414,1e-05,152,1,True,0.027826564997667447
BS5-adaptive,10000.0,1e-10,154,True,5.671077987858896e-09,-0.06765892466629372,6.741747476868072e-11,0.0333057007322758,1e-05,154,1,True,0.02937246901274193
BS5-adaptive,100000.0,5.12e-07,117,True,5.884073739952581e-09,nan,6.845755184578337e-11,nan,1e-05,117,5,True,0.026776022001286037
BS5-adaptive,100000.0,1.28e-07,123,True,5.680513197024163e-09,0.025397026555570842,6.75253433317119e-11,0.009890315007584005,1e-05,123,4,True,0.025111997994827107
BS5-adaptive,100000.0,3.2e-08,131,True,5.630955303684288e-09,0.0063207871214827314,6.721769796419063e-11,0.0032939676368666623,1e-05,131,3,True,0.0268786060041748
BS5-adaptive,100000.0,8e-09,138,True,5.6213172584721705e-09,0.0012357293475654815,6.690574754846938e-11,0.003355491857290432,1e-05,138,5,True,0.02787287200044375
BS5-adaptive,100000.0,2e-09,144,True,5.632385631113257e-09,-0.0014189366491698184,6.934670987785507e-11,-0.025848642527115957,1e-05,144,4,True,0.02897657400171738
BS5-adaptive,100000.0,5e-10,151,True,5.65741483746917e-09,-0.003198424201285142,6.915679102072541e-11,0.0019782544361754482,1e-05,151,4,True,0.028424345000530593
BS5-adaptive,100000.0,1.25e-10,158,True,5.711860603397204e-09,-0.006908904386475866,6.856153531769044e-11,0.006235755411701385,1e-05,158,4,True,0.02924172198981978
BS5-adaptive,100000.0,1e-10,159,True,5.657383031253372e-09,0.042947229227242326,6.91559631268408e-11,-0.03868640246453951,1e-05,159,4,True,0.02856160799274221
BS5-adaptive,1000000.0,5.12e-07,174,True,5.539309978132888e-09,nan,7.343055582268102e-10,nan,1e-05,174,6,True,0.03630211799463723
BS5-adaptive,1000000.0,1.28e-07,178,True,5.519035896266867e-09,0.0026450022879080794,6.82368674459272e-10,0.05291455100657561,1e-05,178,1,True,0.03433018599753268
BS5-adaptive,1000000.0,3.2e-08,185,True,5.534642654035108e-09,-0.0020369514904688972,6.161845094300473e-10,0.07359450204198091,1e-05,185,2,True,0.03447464700730052
BS5-adaptive,1000000.0,8e-09,193,True,5.554376982514483e-09,-0.0025674630239524315,6.099482114870613e-10,0.007337830191787153,1e-05,193,2,True,0.03535682700749021
BS5-adaptive,1000000.0,2e-09,200,True,5.57187954310935e-09,-0.00226948553123353,6.521026883052867e-10,-0.048206206732546594,1e-05,200,2,True,0.03666363398951944
BS5-adaptive,1000000.0,5e-10,207,True,5.436945386488642e-09,0.017683866280941582,6.627696729485749e-10,-0.011704210933068305,1e-05,207,2,True,0.03741056700528134
BS5-adaptive,1000000.0,1.25e-10,213,True,5.431927622647945e-09,0.0006660399397010271,6.945613791413217e-10,-0.03379730160678169,1e-05,213,1,True,0.035482901002978906
BS5-adaptive,1000000.0,1e-10,215,True,5.4368318744849576e-09,-0.0040442544233634655,6.626673740548729e-10,0.21065977874100406,1e-05,215,2,True,0.037144246001844294
BS5-adaptive,10000000.0,5.12e-07,303,True,5.060416928362903e-09,nan,5.398423274925695e-08,nan,1e-05,303,19,True,0.06147033600427676
BS5-adaptive,10000000.0,1.28e-07,304,True,5.074812383541496e-09,-0.00204911651469063,5.362489422354121e-08,0.004817600984036338,1e-05,304,9,True,0.060545754997292534
BS5-adaptive,10000000.0,3.2e-08,306,True,5.1029999280804444e-09,-0.0039955673624634995,5.384744889484776e-08,-0.0029875498222179946,1e-05,306,8,True,0.05755019100615755
BS5-adaptive,10000000.0,8e-09,311,True,5.029355777932038e-09,0.01048600387087423,5.5850922815908765e-08,-0.02635156090953364,1e-05,311,4,True,0.05437921799602918
BS5-adaptive,10000000.0,2e-09,319,True,5.060276752465736e-09,-0.0044213380559117756,5.411467100330536e-08,0.022780671431526154,1e-05,319,6,True,0.056520392987295054
BS5-adaptive,10000000.0,5e-10,326,True,5.108037118472107e-09,-0.006776359461203121,5.3366341216198273e-08,0.010044835789484067,1e-05,326,7,True,0.05908517001080327
BS5-adaptive,10000000.0,1.25e-10,333,True,5.128868475711918e-09,-0.002935783376266399,5.345854578962724e-08,-0.0012452446016663118,1e-05,333,6,True,0.058006933992146514
BS5-adaptive,10000000.0,1e-10,334,True,5.1085399233206395e-09,0.0177976495297097,5.3350283847098776e-08,0.00908478100610156,1e-05,334,7,True,0.05809490599494893
BS5-adaptive,100000000.0,5.12e-07,417,True,39.75343239917824,nan,2.7967915459423095e-06,nan,1e-05,417,28,True,0.07752637800876983
BS5-adaptive,100000000.0,1.28e-07,350,False,39.75343239915186,4.785919196697899e-13,2.67700960982207e-06,0.031575205552715056,1e-05,350,20,False,0.06520198100770358
BS5-adaptive,100000000.0,3.2e-08,417,True,39.75343239917502,-4.202094716380442e-13,2.744133466197883e-06,-0.01786416677122279,1e-05,417,18,True,0.07212777400854975
BS5-adaptive,100000000.0,8e-09,420,True,39.75343239917829,-5.93434759831738e-14,2.7496490509349005e-06,-0.0014484209006115517,1e-05,420,12,True,0.06768810900393873
BS5-adaptive,100000000.0,2e-09,424,True,39.753432399060685,2.133962565513151e-12,2.624038290859005e-06,0.03372936042721542,1e-05,424,5,True,0.06834412300668191
BS5-adaptive,100000000.0,5e-10,430,True,39.75343239887453,3.3778530769397312e-12,2.7275875923155865e-06,-0.02791837741876816,1e-05,430,8,True,0.06853856501402333
BS5-adaptive,100000000.0,1.25e-10,436,True,39.75343239868672,3.4079652860754498e-12,2.95050253282221e-06,-0.056667584779005,1e-05,436,7,True,0.07392765500117093
BS5-adaptive,100000000.0,1e-10,437,True,39.75343239885376,-1.8830802319235742e-11,2.797521737956883e-06,0.23859786210145292,1e-05,437,8,True,0.06870655099919531
RK4,0.0,5.000000000000001e-07,20,True,1.628955057308736e-05,nan,1.442202385552015e-07,nan,5.000000000000001e-07,0,0,True,0.016632978004054166
RK4,0.0,1.282051282051282e-07,78,True,1.8089566971715607e-08,4.998575276504143,5.914587970762274e-10,4.038647696969009,1.282051282051282e-07,0,0,True,0.06009577300574165
RK4,0.0,3.205128205128205e-08,312,True,1.7562554355202764e-11,5.004219733687444,2.3985245472274687e-12,3.972993327233061,3.205128205128205e-08,0,0,True,0.22700072500447277
RK4,0.0,8e-09,1250,True,1.6379248853713007e-14,5.027401835976842,1.578860696354216e-14,3.619379079988079,8e-09,0,0,True,0.9650884319999022
RK4,0.0,2e-09,5000,True,2.1331114786230894e-14,-0.19054508367775314,5.31885695580321e-14,-0.8761161754097584,2e-09,0,0,True,3.549914303002879
RK4,0.0,5e-10,20000,True,8.39867762011284e-14,-0.9886014138281575,9.809091985860235e-14,-0.44150167819143166,5e-10,0,0,True,14.684618084997055
RK4,0.0,1.25e-10,80000,True,1.2265391002082765e-13,-0.27317956420034895,5.508096287493892e-13,-1.2446811400610773,1.25e-10,0,0,True,58.40942889500002
RK4,0.0,1e-10,100000,True,1.6702186088722984e-13,-1.3836745711446408,2.2339199214373481e-13,4.044307810628213,1e-10,0,0,True,73.05439176798973
RK4,1.0,5.000000000000001e-07,20,True,1.6289560297409312e-05,nan,1.442203573945357e-07,nan,5.000000000000001e-07,0,0,True,0.01684823499817867
RK4,1.0,1.282051282051282e-07,78,True,1.808957839909853e-08,4.998575250975151,5.914598048596506e-10,4.0386470504622345,1.282051282051282e-07,0,0,True,0.061478176998207346
RK4,1.0,3.205128205128205e-08,312,True,1.756464937540498e-11,5.0041341456512765,2.40949818894681e-12,3.9697018002767472,3.205128205128205e-08,0,0,True,0.22634008200839162
RK4,1.0,8e-09,1250,True,2.1712027550270733e-14,4.824409722165455,3.180116579890761e-14,3.1181529089883337,8e-09,0,0,True,0.9714897389931139
RK4,1.0,2e-09,5000,True,1.0944452422809932e-14,0.4941473408324951,4.523827810830519e-14,-0.25423218162355643,2e-09,0,0,True,3.577173348006909
RK4,1.0,5e-10,20000,True,6.697529037002166e-14,-1.3067145780116085,5.744365512267467e-14,-0.1723017664276298,5e-10,0,0,True,14.480410370000754
RK4,1.0,1.25e-10,80000,True,9.177347832494803e-14,-0.22722417883508664,2.3022252423434523e-13,-1.0014047667934118,1.25e-10,0,0,True,58.08844113899977
RK4,1.0,1e-10,100000,True,9.541864739197926e-14,-0.17455434270726825,2.650470403028673e-13,-0.6312572427449676,1e-10,0,0,True,73.11907543300185
RK4,10.0,5.000000000000001e-07,20,True,1.628964781154548e-05,nan,1.4422143229425735e-07,nan,5.000000000000001e-07,0,0,True,0.016990721007459797
RK4,10.0,1.282051282051282e-07,78,True,1.8089680864632058e-08,4.99857503647277,5.914633880895999e-10,4.038648075377215,1.282051282051282e-07,0,0,True,0.059999065997544676
RK4,10.0,3.205128205128205e-08,312,True,1.7572458087067798e-11,5.003817613579067,2.4022197531125527e-12,3.9718884619161794,3.205128205128205e-08,0,0,True,0.23383353200915735
RK4,10.0,8e-09,1250,True,2.3997504134509755e-14,4.752618310365167,5.710772731493972e-14,2.694157207884975,8e-09,0,0,True,0.9223815510049462
RK4,10.0,2e-09,5000,True,4.817938294823938e-14,-0.5027657753574046,6.024305352046583e-14,-0.03855446284888315,2e-09,0,0,True,3.561639847001061
RK4,10.0,5e-10,20000,True,4.722769143321243e-14,0.01439145031451462,1.1863372979931537e-13,-0.48882372556251086,5e-10,0,0,True,14.564342243000283
RK4,10.0,1.25e-10,80000,True,9.338472991201954e-14,-0.4917768233180158,3.15212259591285e-13,-0.7049046966429731,1.25e-10,0,0,True,57.89119123399723
RK4,10.0,1e-10,100000,True,9.903731865035772e-14,-0.2633681065841472,1.752423397017268e-13,2.6309361581006274,1e-10,0,0,True,71.8016073010076
RK4,100.0,5.000000000000001e-07,20,True,1.6290522874820056e-05,nan,1.4423218252510012e-07,nan,5.000000000000001e-07,0,0,True,0.016867451995494775
RK4,100.0,1.282051282051282e-07,78,True,1.809068361748339e-08,4.998573777642203,5.915069467286694e-10,4.038648732372812,1.282051282051282e-07,0,0,True,0.06136014799994882
RK4,100.0,3.205128205128205e-08,312,True,1.7571315348775678e-11,5.003904509242066,2.406250886805372e-12,3.970732114616997,3.205128205128205e-08,0,0,True,0.23257862299215049
RK4,100.0,8e-09,1250,True,2.7123208178268096e-14,4.664351621119431,2.317901873371083e-14,3.3450480856748785,8e-09,0,0,True,0.9181836620118702
RK4,100.0,2e-09,5000,True,1.466514141553374e-14,0.44356842495628956,3.7287986658578294e-14,-0.3429457047859685,2e-09,0,0,True,3.5633989320049295
RK4,100.0,5e-10,20000,True,6.170786777445366e-14,-1.0365317310948619,6.682142493029028e-14,-0.42079992294035895,5e-10,0,0,True,14.609712985999067
RK4,100.0,1.25e-10,80000,True,7.694437833604715e-14,-0.15918073993358497,1.959409783340512e-13,-0.7760182479970626,1.25e-10,0,0,True,57.7304521479964
RK4,100.0,1e-10,100000,True,6.72311028530313e-14,0.604753398577196,3.624661045459998e-13,-2.7565998598959336,1e-10,0,0,True,72.10114503900695
RK4,1000.0,5.000000000000001e-07,20,True,1.6299263984365777e-05,nan,1.4433990709186751e-07,nan,5.000000000000001e-07,0,0,True,0.01696835800248664
RK4,1000.0,1.282051282051282e-07,78,True,1.8100677625673503e-08,4.998562128285728,5.918872170070253e-10,4.038725094392541,1.282051282051282e-07,0,0,True,0.062182006004150026
RK4,1000.0,3.205128205128205e-08,312,True,1.7578933604056475e-11,5.00399021894928,2.403787416215316e-12,3.971934587475222,3.205128205128205e-08,0,0,True,0.2414596479939064
RK4,1000.0,8e-09,1250,True,2.971119559510732e-14,4.599000374055097,2.4746681836473883e-14,3.2971567239282877,8e-09,0,0,True,0.929282081007841
RK4,1000.0,2e-09,5000,True,1.5790352959211238e-14,0.45598162065389247,3.3307910272944696e-14,-0.21431487426467824,2e-09,0,0,True,3.6610055490018567
RK4,1000.0,5e-10,20000,True,3.782973772232129e-14,-0.6302386770863153,1.3963399208182322e-13,-1.033856720954441,5e-10,0,0,True,14.409152695996454
RK4,1000.0,1.25e-10,80000,True,7.244751658142663e-14,-0.46870773131098864,2.4276382905644965e-13,-0.39895164576210074,1.25e-10,0,0,True,57.13573271500354
RK4,1000.0,1e-10,100000,True,8.101274021666918e-14,-0.5007719818990772,1.990932140509075e-13,0.888737072246543,1e-10,0,0,True,71.0011182520102
RK4,10000.0,5.000000000000001e-07,20,True,1.638573274678291e-05,nan,1.4543959303886806e-07,nan,5.000000000000001e-07,0,0,True,0.01725082501070574
RK4,10000.0,1.282051282051282e-07,78,True,1.819956315058739e-08,4.998446647714101,5.954028134909075e-10,4.039950522771454,1.282051282051282e-07,0,0,True,0.0613161919900449
RK4,10000.0,3.205128205128205e-08,312,True,1.7688826936481968e-11,5.0034248647777675,2.419576023178858e-12,3.9714839795756167,3.205128205128205e-08,0,0,True,0.24170348000188824
RK4,10000.0,8e-09,1250,True,1.2189208449274797e-14,5.245450193011529,2.799398397791163e-14,3.2130355057674373,8e-09,0,0,True,0.9439258269994752
RK4,10000.0,2e-09,5000,True,1.8676945982403908e-14,-0.30782706266718296,3.325685296575902e-14,-0.12426741806933943,2e-09,0,0,True,3.653299663012149
RK4,10000.0,5e-10,20000,True,6.959244203634576e-14,-0.9488360327895698,1.436651257746425e-13,-1.0554931671444585,5e-10,0,0,True,14.210413246008102
RK4,10000.0,1.25e-10,80000,True,6.592770517849945e-14,0.039022884279884026,2.635913531360159e-13,-0.4377965749743808,1.25e-10,0,0,True,56.58925593800086
RK4,10000.0,1e-10,100000,True,8.056304959442561e-14,-0.8984410971257751,1.5699026214812842e-13,2.3223445946505676,1e-10,0,0,True,71.47022597899195
RK4,100000.0,5.000000000000001e-07,20,True,1.7163960157743194e-05,nan,1.587775701215245e-07,nan,5.000000000000001e-07,0,0,True,0.016946186005952768
RK4,100000.0,1.282051282051282e-07,78,True,1.9084136864596994e-08,4.997668512251535,6.130797887907281e-10,4.082924478239582,1.282051282051282e-07,0,0,True,0.06099093800003175
RK4,100000.0,3.205128205128205e-08,312,True,1.8615587691390893e-11,5.000823530022879,2.4391718119633963e-12,3.9867698255646697,3.205128205128205e-08,0,0,True,0.22575797500030603
RK4,100000.0,8e-09,1250,True,2.3980186331774548e-14,4.794688039273137,4.1095168479574276e-14,2.9422408681079446,8e-09,0,0,True,0.9715109179960564
RK4,100000.0,2e-09,5000,True,2.3078519239403554e-14,0.02764610395865146,4.994126741659435e-14,-0.14063182353854595,2e-09,0,0,True,3.7003472700016573
RK4,100000.0,5e-10,20000,True,6.361243159465285e-14,-0.7313790369220929,1.1925054295251803e-13,-0.6278457475653965,5e-10,0,0,True,14.397237901008339
RK4,100000.0,1.25e-10,80000,True,1.0627466116711464e-13,-0.3702085096775677,2.0760338518019265e-13,-0.39991706678721656,1.25e-10,0,0,True,57.10280630600755
RK4,100000.0,1e-10,100000,True,9.85000718052894e-14,0.3404517332526425,1.5996021106389488e-13,1.1683257366362296,1e-10,0,0,True,71.71208566200221
RK4,1000000.0,5.000000000000001e-07,20,True,3.9140153702766404e-05,nan,0.00025825158641062875,nan,5.000000000000001e-07,0,0,True,0.017097486997954547
RK4,1000000.0,1.282051282051282e-07,78,True,1.4549666691239197e-07,4.110835691123056,9.096727962500325e-07,4.1504054912506065,1.282051282051282e-07,0,0,True,0.06121516300481744
RK4,1000000.0,3.205128205128205e-08,312,True,5.560740290487765e-10,4.015746714757489,3.3703813798149953e-09,4.038146024574227,3.205128205128205e-08,0,0,True,0.23157908399298321
RK4,1000000.0,8e-09,1250,True,2.178870397848206e-12,3.9931639563665837,1.292731130495131e-11,4.008542708070045,8e-09,0,0,True,0.9716318860009778
RK4,1000000.0,2e-09,5000,True,1.9628637497430857e-14,3.397238271155237,1.219717578754364e-13,3.363865650351155,2e-09,0,0,True,3.6473612599947955
RK4,1000000.0,5e-10,20000,True,9.707253453274897e-14,-1.1530515638628398,5.554006421217668e-13,-1.093490854770538,5e-10,0,0,True,14.444923723000102
RK4,1000000.0,1.25e-10,80000,True,1.8093356291892276e-13,-0.449162492402038,7.134690561094749e-13,-0.1806610073825644,1.25e-10,0,0,True,56.934275293999235
RK4,1000000.0,1e-10,100000,True,8.113170165604755e-14,3.5943504656102103,1.4927512016381599e-12,-3.30835047321847,1e-10,0,0,True,70.89148750100867
RK4,10000000.0,5.000000000000001e-07,20,True,0.9402500762044905,nan,13.420528617478476,nan,5.000000000000001e-07,0,0,True,0.016824487000121735
RK4,10000000.0,1.282051282051282e-07,78,True,0.0013411743078730826,4.814631291001028,0.01630463849276018,4.932554603618385,1.282051282051282e-07,0,0,True,0.062108812999213114
RK4,10000000.0,3.205128205128205e-08,312,True,3.4280855385890916e-06,4.305938963910867,3.8011548831839804e-05,4.37231446382245,3.205128205128205e-08,0,0,True,0.2419819409988122
RK4,10000000.0,8e-09,1250,True,1.1755714444934795e-08,4.089225155318285,1.2967453905731093e-07,4.0929716684982616,8e-09,0,0,True,0.8966018729988718
RK4,10000000.0,2e-09,5000,True,4.450907495217849e-11,4.022523493995268,4.959035308896952e-10,4.015310014305045,2e-09,0,0,True,3.5702131650032243
RK4,10000000.0,5e-10,20000,True,3.1387211756882604e-13,3.5738894161033206,3.0712048171053476e-11,2.0065914321496967,5e-10,0,0,True,14.886085486999946
RK4,10000000.0,1.25e-10,80000,True,3.9310197248911217e-13,-0.16236336412001778,4.71862114894242e-11,-0.30978030808063295,1.25e-10,0,0,True,57.03714184300043
RK4,10000000.0,1e-10,100000,True,4.723318274093984e-13,-0.82284570392549,4.037819763255508e-11,0.6982578828652747,1e-10,0,0,True,71.15817781499936
RK4,100000000.0,5.000000000000001e-07,20,False,nan,nan,nan,nan,5.000000000000001e-07,0,0,True,0.016772418006439693
RK4,100000000.0,1.282051282051282e-07,78,False,nan,nan,nan,nan,1.282051282051282e-07,0,0,True,0.06173437999677844
RK4,100000000.0,3.205128205128205e-08,312,True,39.75329943570002,nan,1.5191768700354107,nan,3.205128205128205e-08,0,0,True,0.22491752299538348
RK4,100000000.0,8e-09,1250,True,39.75343206031405,-2.403772798670832e-06,0.0018978571260965262,4.816787594334668,8e-09,0,0,True,0.8908309120015474
RK4,100000000.0,2e-09,5000,True,39.75343240999114,-6.345079920720978e-09,5.37067148692803e-06,4.232526597556966,2e-09,0,0,True,3.5388743429939495
RK4,100000000.0,5e-10,20000,True,39.75343241118251,-2.1618003418668526e-11,2.177668624063565e-08,3.973087115727785,5e-10,0,0,True,14.2598273170006
RK4,100000000.0,1.25e-10,80000,True,39.75343241118714,-8.408994572514649e-14,6.438226638662703e-09,0.8790245835824321,1.25e-10,0,0,True,56.485663960993406
RK4,100000000.0,1e-10,100000,True,39.75343241118417,3.343452536065145e-13,5.33663658187166e-09,0.8409722507080495,1e-10,0,0,True,70.50916095900175
